lambda,save_dir,final_mse,symmetry,pareto,norm_dist,chosen
0.0,data/sgd_skull_lambda0,0.0030930961947888136,0.13916929066181183,True,1.0,False
0.05,data/sgd_skull_lambda005,0.007427518256008625,0.08653974533081055,True,0.6683162092216295,True
0.2,data/sgd_skull_lambda02,0.014434843324124813,0.009750545024871826,True,0.6690115982871577,False
0.5,data/sgd_skull_lambda05,0.020115643739700317,0.0014285817742347717,True,1.0,False
